name,price
Nike Air Force 1 LV8 5,"$2,159"
Nike Air Force 1 Wild,"$2,719"
Nike Force 1 Low LV8 EasyOn,"$1,849"
Nike Air Force 1 '07 LX,"$2,789"
Nike Air Force 1 '07,"$2,599"
Nike Air Force 1 LV8 4,"$1,919"
Nike Air Force 1 LE,"$1,999"
Nike Air Force 1 '07,"$2,599"
Nike Air Force 1 '07,"$2,599"
Nike Air Force 1 '07 LX,"$3,099"
Nike Air Force 1 Low Retro Premium,"$3,099"
Nike Air Force 1 Shadow,"$3,099"
Nike Air Force 1 '07,"$2,599"
Nike Air Force 1,"$1,999"
Nike Air Force 1 '07 EasyOn,"$2,599"
Nike Air Force 1 Sage Low,"$2,799"
Nike Air Force 1 LV8,"$2,399"
Nike Air Force 1 Mid EasyOn,"$2,199"
Nike Air Force 1,"$2,399"
Nike Air Force 1 '07 LV8,"$2,799"
Nike Air Force 1 '07,"$3,099"
Nike Air Force 1 '07 Fresh,"$3,399"
Nike Air Force 1 '07 Next Nature,"$2,599"
Nike Air Force 1 '07 LV8,"$2,379"
Nike Air Force 1 '07,"$2,599"
Nike Air Force 1 '07 Next Nature,"$2,239"
Nike Air Force 1 Mid '07,"$2,799"
Nike Air Force 1 '07,"$2,599"
Nike Air Force 1 LV8 3,"$2,399"
Nike Air Force 1 Low EVO,"$3,399"
Nike Force 1 Low EasyOn,"$1,499"
Nike Air Force 1 Shadow,"$3,099"
Nike Force 1 Low EasyOn,"$1,799"
Nike Air Force 1 '07 Premium,"$3,099"
Nike Air Force 1 '07,"$2,599"
Nike Air Force 1 Shadow,"$3,099"
Nike Air Force 1 High '07 LX NBHD,"$3,599"
Nike Air Force 1 '07 LV8,"$2,519"
Nike Air Force 1 '07 Essential,"$2,599"
Nike Air Force 1 LV8,"$2,399"
Nike Air Force 1 LV8,"$2,399"
Nike Air Force 1 '07 LX,"$2,789"
Nike Air Force 1 '07 LV8,"$2,799"
Nike Air Force 1 '07,"$2,599"
Nike Air Force 1 '07 LV8,"$2,519"
Nike Air Force 1 '07 Mid,"$2,799"
Nike Air Force 1 '07 Next Nature,"$2,799"
Nike Air Force 1 '07 LV8,"$2,799"
Nike Air Force 1 '07 LV8,"$2,799"
Nike Air Force 1 '07,"$2,599"
